key,value
Brotli,31642.482917010784
Gzip,32274.830166995525
