key,value
Brotli,1096.335541009903
Gzip,1187.7847077846527
