key,value
Brotli,499.1673750281334
Gzip,2.9312090277671814
