key,value
Brotli,41.11695909500122
Gzip,0.6007919311523438
