NIF;ObtenerDatos;DescomprimirDatos;BusquedaRAW;BusquedaBD;Descomprimir;Sumar
30651119P;498.1704159975052;865.9369580149651;32.27983295917511;141.58041697740555;333.71108400821686;2498.1560829877853
82752475Q;323.3285000324249;775.8677919507027;33.76966595649719;129.78158402442932;337.9722920060158;2389.2741670012474
52870522P;373.10358399152756;449.0858330130577;19.535457968711853;87.8716669678688;207.65662497282028;1411.4076669812202
97862305L;255.03308403491974;464.50029200315475;17.737958014011383;98.27924996614456;201.07008397579193;1331.670332968235
07214091A;273.7741670012474;522.3111669421196;78.04012501239777;102.31404197216034;246.50212502479553;1427.8726249933243
42279786J;538.0724999904633;806.7518330216408;29.778957962989807;148.4496250152588;353.63349997997284;2440.0262080430984
